event_date,requests,unique_ips,unique_invoices,automated_requests
2025-10-01,57648,2574,5001,48
2025-10-02,57648,2574,5001,48
2025-10-03,57648,2574,5001,48
2025-10-04,57648,2574,5001,48
2025-10-05,57648,2574,5001,48
2025-10-06,57648,2574,5001,48
2025-10-07,57648,2574,5001,48
2025-10-08,57648,2574,5001,48
2025-10-09,57648,2574,5001,48
2025-10-10,57648,2574,5001,48
2025-10-11,57648,2574,5001,48
2025-10-12,57648,2574,5001,48
2025-10-13,57648,2574,5001,48
2025-10-14,57648,2574,5001,48
2025-10-15,57648,2574,5001,48
2025-10-16,57648,2574,5001,48
2025-10-17,57648,2574,5001,48
2025-10-18,57648,2574,5001,48
2025-10-19,57648,2574,5001,48
2025-10-20,57648,2574,5001,48
2025-10-21,57648,2574,5001,48
2025-10-22,57648,2574,5001,48
2025-10-23,57648,2574,5001,48
2025-10-24,57648,2574,5001,48
2025-10-25,57648,2574,5001,48
2025-10-26,57648,2574,5001,48
2025-10-27,57648,2574,5001,48
2025-10-28,57648,2574,5001,48
2025-10-29,57648,2574,5001,48
2025-10-30,57648,2574,5001,48
2025-10-31,57648,2574,5001,48
2025-11-01,49944,2656,5001,504
2025-11-02,49944,2651,5001,504
2025-11-03,49944,2655,5001,504
2025-11-04,49944,2656,5001,504
2025-11-05,49944,2649,5000,504
2025-11-06,49944,2655,5001,504
2025-11-07,49944,2651,4998,504
2025-11-08,49944,2652,4999,504
2025-11-09,49944,2654,5000,504
2025-11-10,49944,2651,5001,504
2025-11-11,49944,2653,4999,504
2025-11-12,49944,2656,5001,504
2025-11-13,49944,2647,5000,504
2025-11-14,49944,2653,5001,504
2025-11-15,49944,2654,5000,504
2025-11-16,49944,2655,5000,504
2025-11-17,49944,2656,5000,504
2025-11-18,49944,2653,5001,504
2025-11-19,49944,2652,4998,504
2025-11-20,49944,2654,4999,504
2025-11-21,49944,2655,5000,504
2025-11-22,49944,2655,5000,504
2025-11-23,49944,2653,5001,504
2025-11-24,49944,2654,5000,504
2025-11-25,49944,2655,5000,504
2025-11-26,49944,2650,5001,504
2025-11-27,49944,2654,5001,504
2025-11-28,49944,2653,5000,504
2025-11-29,49944,2650,5001,504
2025-11-30,49944,2654,4999,504
2025-12-01,38448,1810,5636,1463
2025-12-02,38448,1810,5612,1463
2025-12-03,38448,1810,5609,1463
2025-12-04,38448,1810,5638,1463
2025-12-05,38448,1810,5617,1463
2025-12-06,38448,1810,5649,1463
2025-12-07,38448,1810,5651,1463
2025-12-08,38448,1810,5604,1463
2025-12-09,38448,1810,5631,1463
2025-12-10,38448,1810,5637,1463
2025-12-11,38448,1810,5630,1463
2025-12-12,38448,1810,5647,1463
2025-12-13,38448,1810,5626,1463
2025-12-14,38448,1810,5637,1463
2025-12-15,38448,1810,5638,1463
2025-12-16,38448,1810,5627,1463
2025-12-17,38448,1810,5627,1463
2025-12-18,38448,1810,5648,1463
2025-12-19,38448,1810,5661,1463
2025-12-20,38448,1810,5617,1463
2025-12-21,38448,1810,5607,1463
2025-12-22,38448,1810,5642,1463
2025-12-23,38448,1810,5586,1463
2025-12-24,38448,1810,5654,1463
2025-12-25,38637,1810,5639,1463
2025-12-26,38637,1810,5650,1463
2025-12-27,38637,1810,5627,1463
2025-12-28,38637,1810,5642,1463
2025-12-29,38637,1810,5602,1463
2025-12-30,38637,1810,5611,1463
2025-12-31,38637,1810,5631,1463
