source_ip,ip_fingerprint,http_status,requests
120.150.218.x,ip_40cbb8f472c0,200,488
120.150.218.x,ip_40cbb8f472c0,201,452
120.150.218.x,ip_40cbb8f472c0,202,439
120.150.218.x,ip_40cbb8f472c0,304,480
120.150.218.x,ip_40cbb8f472c0,400,474
120.150.218.x,ip_40cbb8f472c0,401,422
120.150.60.x,ip_8dbec719315c,200,338
120.150.60.x,ip_8dbec719315c,201,355
120.150.60.x,ip_8dbec719315c,202,340
120.150.60.x,ip_8dbec719315c,304,305
120.150.60.x,ip_8dbec719315c,400,326
120.150.60.x,ip_8dbec719315c,401,331
181.88.192.x,ip_e8f13e903db1,200,1300
181.88.192.x,ip_e8f13e903db1,201,304
181.88.192.x,ip_e8f13e903db1,202,319
181.88.192.x,ip_e8f13e903db1,304,298
181.88.192.x,ip_e8f13e903db1,400,308
181.88.192.x,ip_e8f13e903db1,401,336
181.88.192.x,ip_6f11bddf1143,200,1401
181.88.192.x,ip_6f11bddf1143,201,325
181.88.192.x,ip_6f11bddf1143,202,278
181.88.192.x,ip_6f11bddf1143,304,304
181.88.192.x,ip_6f11bddf1143,400,312
181.88.192.x,ip_6f11bddf1143,401,325
181.88.192.x,ip_297ee436e350,200,1378
181.88.192.x,ip_297ee436e350,201,308
181.88.192.x,ip_297ee436e350,202,333
181.88.192.x,ip_297ee436e350,304,332
181.88.192.x,ip_297ee436e350,400,322
181.88.192.x,ip_297ee436e350,401,337
181.88.192.x,ip_ffc792c89696,200,1352
181.88.192.x,ip_ffc792c89696,201,314
181.88.192.x,ip_ffc792c89696,202,317
181.88.192.x,ip_ffc792c89696,304,307
181.88.192.x,ip_ffc792c89696,400,294
181.88.192.x,ip_ffc792c89696,401,333
181.88.192.x,ip_c3c91a009f82,200,1304
181.88.192.x,ip_c3c91a009f82,201,353
181.88.192.x,ip_c3c91a009f82,202,331
181.88.192.x,ip_c3c91a009f82,304,336
181.88.192.x,ip_c3c91a009f82,400,332
181.88.192.x,ip_c3c91a009f82,401,305
188.226.165.x,ip_c41126ba384c,200,330
188.226.165.x,ip_c41126ba384c,201,308
188.226.165.x,ip_c41126ba384c,202,291
188.226.165.x,ip_c41126ba384c,304,333
188.226.165.x,ip_c41126ba384c,400,324
188.226.165.x,ip_c41126ba384c,401,353
202.29.237.x,ip_ce82fb29a220,200,321
202.29.237.x,ip_ce82fb29a220,201,323
202.29.237.x,ip_ce82fb29a220,202,325
202.29.237.x,ip_ce82fb29a220,304,311
202.29.237.x,ip_ce82fb29a220,400,332
202.29.237.x,ip_ce82fb29a220,401,339
204.210.158.x,ip_435c191f6f48,200,9013
204.210.158.x,ip_435c191f6f48,201,820
204.210.158.x,ip_435c191f6f48,400,909
204.210.158.x,ip_435c191f6f48,406,831
204.210.158.x,ip_435c191f6f48,408,836
216.21.168.x,ip_bb45bb244dc7,200,9012
216.21.168.x,ip_bb45bb244dc7,201,829
216.21.168.x,ip_bb45bb244dc7,400,908
216.21.168.x,ip_bb45bb244dc7,406,837
216.21.168.x,ip_bb45bb244dc7,408,843
24.163.83.x,ip_aa8eb9fb40cc,200,8823
24.163.83.x,ip_aa8eb9fb40cc,201,752
24.163.83.x,ip_aa8eb9fb40cc,400,939
24.163.83.x,ip_aa8eb9fb40cc,406,880
24.163.83.x,ip_aa8eb9fb40cc,408,850
24.179.13.x,ip_ae010aa05214,200,345
24.179.13.x,ip_ae010aa05214,201,306
24.179.13.x,ip_ae010aa05214,202,308
24.179.13.x,ip_ae010aa05214,304,338
24.179.13.x,ip_ae010aa05214,400,331
24.179.13.x,ip_ae010aa05214,401,318
50.116.111.x,ip_8d6225323a8a,200,333
50.116.111.x,ip_8d6225323a8a,201,308
50.116.111.x,ip_8d6225323a8a,202,326
50.116.111.x,ip_8d6225323a8a,304,326
50.116.111.x,ip_8d6225323a8a,400,341
50.116.111.x,ip_8d6225323a8a,401,304
50.245.107.x,ip_d3b9d7f5e009,200,331
50.245.107.x,ip_d3b9d7f5e009,201,309
50.245.107.x,ip_d3b9d7f5e009,202,364
50.245.107.x,ip_d3b9d7f5e009,304,337
50.245.107.x,ip_d3b9d7f5e009,400,313
50.245.107.x,ip_d3b9d7f5e009,401,339
73.130.229.x,ip_8939b7c24cc1,200,9004
73.130.229.x,ip_8939b7c24cc1,201,768
73.130.229.x,ip_8939b7c24cc1,400,966
73.130.229.x,ip_8939b7c24cc1,406,828
73.130.229.x,ip_8939b7c24cc1,408,887
74.88.210.x,ip_d4eecbc9f7cb,200,9016
74.88.210.x,ip_d4eecbc9f7cb,201,790
74.88.210.x,ip_d4eecbc9f7cb,400,922
74.88.210.x,ip_d4eecbc9f7cb,406,860
74.88.210.x,ip_d4eecbc9f7cb,408,838
78.189.148.x,ip_47dae4253c23,200,333
78.189.148.x,ip_47dae4253c23,201,336
78.189.148.x,ip_47dae4253c23,202,339
78.189.148.x,ip_47dae4253c23,304,319
78.189.148.x,ip_47dae4253c23,400,341
78.189.148.x,ip_47dae4253c23,401,305
85.247.144.x,ip_ff28172d2e70,200,314
85.247.144.x,ip_ff28172d2e70,201,336
85.247.144.x,ip_ff28172d2e70,202,326
85.247.144.x,ip_ff28172d2e70,304,324
85.247.144.x,ip_ff28172d2e70,400,315
85.247.144.x,ip_ff28172d2e70,401,325
91.75.75.x,ip_cc44ff439260,200,332
91.75.75.x,ip_cc44ff439260,201,318
91.75.75.x,ip_cc44ff439260,202,310
91.75.75.x,ip_cc44ff439260,304,334
91.75.75.x,ip_cc44ff439260,400,324
91.75.75.x,ip_cc44ff439260,401,317
