source_ip,ip_fingerprint,requests,unique_invoices,unique_tokens,status_200,success_2xx_pct,first_seen,last_seen
73.130.229.x,ip_8939b7c24cc1,12453,6441,4,9004,78.47,2025-10-01 00:19:00,2025-12-31 23:47:00
216.21.168.x,ip_bb45bb244dc7,12429,6405,4,9012,79.18,2025-10-01 00:00:00,2025-12-31 23:54:00
74.88.210.x,ip_d4eecbc9f7cb,12426,6426,4,9016,78.92,2025-10-01 01:41:00,2025-12-31 23:57:00
204.210.158.x,ip_435c191f6f48,12409,6481,4,9013,79.24,2025-10-01 06:09:00,2025-12-31 23:52:00
24.163.83.x,ip_aa8eb9fb40cc,12244,6376,4,8823,78.2,2025-10-01 00:45:00,2025-12-31 23:54:00
181.88.192.x,ip_297ee436e350,3010,1679,31,1378,67.08,2025-11-01 00:00:00,2025-12-31 22:55:00
181.88.192.x,ip_c3c91a009f82,2961,1660,31,1304,67.14,2025-11-01 01:34:00,2025-12-31 23:42:00
181.88.192.x,ip_6f11bddf1143,2945,1633,31,1401,68.05,2025-11-01 01:02:00,2025-12-31 23:14:00
181.88.192.x,ip_ffc792c89696,2917,1623,31,1352,67.98,2025-11-01 01:20:00,2025-12-31 23:06:00
181.88.192.x,ip_e8f13e903db1,2865,1626,31,1300,67.12,2025-11-01 00:25:00,2025-12-31 22:45:00
120.150.218.x,ip_40cbb8f472c0,2755,1834,31,488,50.05,2025-10-01 00:16:00,2025-12-31 23:58:00
120.150.60.x,ip_8dbec719315c,1995,1257,31,338,51.78,2025-11-01 00:21:00,2025-12-31 23:52:00
50.245.107.x,ip_d3b9d7f5e009,1993,1251,31,331,50.38,2025-11-01 01:30:00,2025-12-31 22:57:00
78.189.148.x,ip_47dae4253c23,1973,1512,31,333,51.09,2025-10-01 00:09:00,2025-11-30 23:14:00
202.29.237.x,ip_ce82fb29a220,1951,1493,31,321,49.67,2025-10-01 02:12:00,2025-11-30 23:44:00
24.179.13.x,ip_ae010aa05214,1946,1240,31,345,49.28,2025-11-01 00:58:00,2025-12-31 23:55:00
85.247.144.x,ip_ff28172d2e70,1940,1503,31,314,50.31,2025-10-01 00:01:00,2025-11-30 23:06:00
188.226.165.x,ip_c41126ba384c,1939,1476,31,330,47.91,2025-10-01 00:35:00,2025-11-30 22:55:00
50.116.111.x,ip_8d6225323a8a,1938,1477,31,333,49.9,2025-10-01 00:59:00,2025-11-30 22:51:00
91.75.75.x,ip_cc44ff439260,1935,1492,31,332,49.61,2025-10-01 01:51:00,2025-11-30 23:45:00
