rank,source_ip_masked,ip_fingerprint,requests,country,country_code,asn,asn_org
1,73.130.229.x,ip_8939b7c24cc1,12453,United States,US,7922,"Comcast Cable Communications, LLC"
2,216.21.168.x,ip_bb45bb244dc7,12429,United States,US,16591,Google Fiber Inc.
3,74.88.210.x,ip_d4eecbc9f7cb,12426,United States,US,6128,Optimum Online
4,204.210.158.x,ip_435c191f6f48,12409,United States,US,12271,Charter Communications Inc
5,24.163.83.x,ip_aa8eb9fb40cc,12244,United States,US,11426,Charter Communications Inc
6,181.88.192.x,ip_297ee436e350,3010,Argentina,AR,7303,Telecom Argentina S.A.
7,181.88.192.x,ip_c3c91a009f82,2961,Argentina,AR,7303,Telecom Argentina S.A.
8,181.88.192.x,ip_6f11bddf1143,2945,Argentina,AR,7303,Telecom Argentina S.A.
9,181.88.192.x,ip_ffc792c89696,2917,Argentina,AR,7303,Telecom Argentina S.A.
10,181.88.192.x,ip_e8f13e903db1,2865,Argentina,AR,7303,Telecom Argentina S.A.
11,120.150.218.x,ip_40cbb8f472c0,2755,Australia,AU,1221,Telstra Limited
12,120.150.60.x,ip_8dbec719315c,1995,Australia,AU,1221,Telstra Limited
13,50.245.107.x,ip_d3b9d7f5e009,1993,United States,US,7922,"Comcast Cable Communications, LLC"
14,78.189.148.x,ip_47dae4253c23,1973,Türkiye,TR,9121,Turk Telekomunikasyon A.S
15,202.29.237.x,ip_ce82fb29a220,1951,Thailand,TH,4621,Office of Info.Tech. Admin. for Educational Development
16,24.179.13.x,ip_ae010aa05214,1946,United States,US,20115,Charter Communications LLC
17,85.247.144.x,ip_ff28172d2e70,1940,Portugal,PT,3243,MEO - SERVICOS DE COMUNICACOES E MULTIMEDIA S.A.
18,188.226.165.x,ip_c41126ba384c,1939,Netherlands,NL,14061,"DigitalOcean, LLC"
19,50.116.111.x,ip_8d6225323a8a,1938,United States,US,19871,Hostgator.com LLC
20,91.75.75.x,ip_cc44ff439260,1935,United Arab Emirates,AE,15802,Emirates Integrated Telecommunications Company PJSC EITC-DU
